"Table with row headers in column A and column headers in rows 5 and 6, and 60 and 61",,,,,,,,,,,,,,,,,,,,,,,,,,,,,,,,,,,,,,,,,,,,,,,,,,,,,,,,,,,,,,,,,,,,
Table H-8.  Median Household Income by State: 1984 to 2016,,,,,,,,,,,,,,,,,,,,,,,,,,,,,,,,,,,,,,,,,,,,,,,,,,,,,,,,,,,,,,,,,,,,
"(Households as of March of the following year.  Income in current and 2016. CPI-U-RS adjusted dollars. (28)  Beginning in 2010, standard errors were calculated using replicate weights)",,,,,,,,,,,,,,,,,,,,,,,,,,,,,,,,,,,,,,,,,,,,,,,,,,,,,,,,,,,,,,,,,,,,
CURRENT DOLLARS,,,,,,,,,,,,,,,,,,,,,,,,,,,,,,,,,,,,,,,,,,,,,,,,,,,,,,,,,,,,,,,,,,,,
State,2016,,2015,,2014,,2013 (39),,2013 (38),,2012,,2011,,2010 (37),,2009 (36),,2008,,2007,,2006,,2005,,2004(revised),,2003,,2002,,2001,,2000 (30),,1999 (29),,1998,,1997,,1996,,1995 (25),,1994 (24),,1993 (23),,1992 (22),,1991,,1990,,1989,,1988,,1987 (21),,1986,,1985 (20),,1984 (19),
,"Median
income","Standard
error","Median
income","Standard
error","Median
income","Standard
error","Median
income","Standard
error","Median
income","Standard
error","Median
income","Standard
error","Median
income","Standard
error","Median
income","Standard
error","Median
income","Standard
error","Median
income","Standard
error","Median
income","Standard
error","Median
income","Standard
error","Median
income","Standard
error","Median
income","Standard
error","Median
income","Standard
error","Median
income","Standard
error","Median
income","Standard
error","Median
income","Standard
error","Median
income","Standard
error","Median
income","Standard
error","Median
income","Standard
error","Median
income","Standard
error","Median
income","Standard
error","Median
income","Standard
error","Median
income","Standard
error","Median
income","Standard
error","Median
income","Standard
error","Median
income","Standard
error","Median
income","Standard
error","Median
income","Standard
error","Median
income","Standard
error","Median
income","Standard
error","Median
income","Standard
error","Median
income","Standard
error"
United States,59039,436,56516,321,53657,392,53585,654,51939,276,51017,209,50054,251,49276,325,49777,213,50303,137,50233,140,48201,207,46326,155,44334,196,43318,188,42409,139,42228,129,41990,132,40696,190,38885,230,37005,171,35492,179,34076,197,32264,147,31241,146,30636,145,30126,144,29943,153,28906,159,27225,139,26061,127,24897,129,23618,128,22415,102
Alabama,47221,2301,44509,3419,42278,1529,47320,5511,41381,2315,43464,2529,42590,2021,40933,2396,39980,904,44476,1659,42212,1420,37952,1014,37150,1215,36629,1303,37255,1580,37603,1062,35160,1006,35424,1072,36251,1189,36266,1307,31939,1607,30302,1258,25991,1266,27196,1559,25082,1088,25808,1058,24346,1068,23357,1037,21284,1070,19948,912,19734,1147,19132,885,18333,760,17310,605
Alaska,75723,4086,75112,3485,67629,3153,72472,5446,61137,3301,63648,2839,57431,3710,57848,2390,61604,1751,63989,2302,62993,1583,56418,1495,55891,1331,55063,2071,51837,981,52774,1073,57363,2012,52847,1159,51396,2226,50692,2124,47994,1258,52779,1907,47954,2008,45367,1494,42931,1643,41802,1156,40612,1822,39298,1627,36006,1378,33103,1183,33233,1497,31356,1017,34782,1089,32356,1473
Arizona,57100,1971,52248,2008,49254,2304,52611,4365,50602,4831,47044,2922,48621,2424,46896,2227,45739,1241,46914,1125,47215,1555,46657,1246,45245,1271,43846,1143,41166,1422,39734,1003,42704,1441,39783,1210,36995,1133,37090,1255,32740,1297,31637,1274,30863,1360,31293,773,30510,1120,29358,1088,30737,897,29224,1141,28552,1210,26435,843,26749,892,25500,718,23877,744,21425,609
Arkansas,45907,2165,42798,1572,44922,2546,39376,2402,39919,2389,39018,2812,41302,1849,38587,2464,36538,909,39586,1194,40795,1348,37057,767,36658,1309,34984,994,32002,776,32387,778,33339,1144,29697,772,29682,1026,27665,1160,26162,1154,27123,978,25814,999,25565,944,23039,847,23882,1398,23435,783,22786,981,21433,915,20172,706,18827,1008,18730,765,17451,764,15674,748
California,66637,1075,63636,1711,60487,894,60794,1811,57528,1223,57020,1238,53367,1378,54283,1182,56134,619,57014,829,55734,618,55319,695,51755,460,49222,660,49300,819,47437,766,47262,727,46816,686,43629,703,40934,577,39694,864,38812,818,37009,723,35331,619,34073,651,34903,629,33664,685,33290,565,33009,618,30287,634,30146,538,29010,570,26981,350,25287,364
Colorado,70566,4125,66596,3682,60940,2414,67912,4129,63371,2800,57255,2708,58629,2553,60233,2481,55930,1595,60943,1898,61141,1014,55697,1524,50449,1287,50886,1590,49940,1158,48294,1464,49397,1190,48240,1237,48177,1483,46599,1086,43233,1944,40950,1329,40706,1552,37833,1446,34488,1569,32484,1471,31499,1245,30733,906,26806,1398,26214,1285,26476,1075,27192,926,28182,850,25801,805
Connecticut,75923,3404,72889,4449,70161,2665,69291,3238,67781,2547,64247,2853,65415,3014,65998,2095,64851,2308,64682,2701,64141,2049,62404,2162,56835,1633,55100,1648,54965,1561,53387,1370,53347,1240,50172,1357,50593,2296,46508,2728,43985,1989,42119,3087,40243,2269,41097,1595,39516,1660,40841,1972,42154,1944,38870,2097,42321,1592,36213,1293,32862,1362,32721,1605,31090,1129,29951,1238
Delaware,58046,2992,57756,3392,57522,2970,54091,4350,52219,2486,48972,1976,54660,1745,55214,2255,52114,1781,50702,1388,54589,2159,52438,1730,51235,1076,48049,1421,49019,1378,49650,1685,49602,1468,50365,1508,46628,2281,41458,1753,43033,2062,39309,1402,34928,1848,35873,1191,36064,849,35678,1393,32585,1111,30804,1113,32068,1133,30505,1167,29244,875,25626,1212,22980,1366,25819,1027
D.C.,70982,2734,70071,2861,68277,4402,60057,5529,60675,3082,65246,3671,55251,2109,56928,3333,53141,2088,55590,1763,50783,1097,48477,1679,44993,2167,43451,1864,45044,1418,39070,995,41169,1023,41222,1072,38670,1599,33433,1311,31860,984,31966,1578,30748,1182,30116,1107,27304,1726,30247,1124,29885,1903,27392,1562,26752,1015,26741,748,27455,1285,24322,1252,21076,756,20408,860
Florida,51176,835,48825,1395,46140,950,48532,2815,47886,1573,46071,1110,45105,1138,44066,1544,45631,706,44857,858,45794,570,45676,629,42990,810,40535,632,38972,759,38024,828,36421,417,38856,743,35831,627,34909,767,32455,583,30641,513,29745,612,29294,632,28550,707,27349,526,27252,475,26685,454,26085,475,25406,475,24489,476,22849,540,21343,437,19785,468
Georgia,53527,1679,50768,1401,49555,2009,46992,4236,47439,1959,48121,1504,45973,2483,44117,1822,43340,1256,46227,1164,48641,1078,49344,1210,45926,838,40984,618,42438,979,42939,1107,42576,1073,41901,831,39425,1355,38665,1179,36663,916,32496,1666,34099,897,31467,1238,31663,1254,28797,1228,27212,1088,27561,1186,27542,1021,26566,896,26714,1380,24370,1112,21049,788,19984,815
Hawaii,72133,2510,64514,2840,71223,2676,64235,3918,61408,2207,56263,2255,59047,2531,59539,2731,55649,2023,61521,1481,64022,2125,60470,1571,59586,1212,56242,1690,51834,1332,47303,1371,47439,1256,51546,1193,44504,1832,40827,2369,40934,1399,41772,1893,42851,1292,42255,2423,42662,1759,42113,1435,37246,1630,38921,1414,35035,1328,33024,1482,35022,1074,29003,1206,28961,1446,28877,1216
Idaho,56564,1261,51624,1260,53438,2572,48467,5484,51767,3656,47922,3173,47459,3488,47050,1869,46778,1264,47420,1681,49184,1291,46213,1312,44176,1254,44358,1387,42372,982,37715,1121,38241,966,37611,1192,35800,1413,36680,1090,33404,1339,34709,1341,32676,1116,31536,1278,31010,1323,27704,874,26116,1029,25305,975,24654,953,23450,1004,20755,834,20749,680,20761,598,21092,963
Illinois,61386,1761,60413,1999,54916,1625,53937,3287,57196,1744,51738,1328,50637,1374,50728,1474,52870,941,53254,1325,52506,950,48671,1167,48398,986,46077,823,45153,1072,42710,856,46171,879,46064,966,46330,1028,43178,1234,41283,782,39554,1107,38071,875,35081,799,32857,810,31551,752,31884,714,32542,724,31300,623,29524,754,27084,536,26511,634,24870,523,23752,567
Indiana,56094,2877,51983,1682,48060,1943,49455,4508,50553,3220,46158,1787,44445,2309,46139,2573,44305,1085,46520,1185,47453,1255,45407,1236,42437,1100,42329,1151,42425,959,41047,748,40379,948,40865,679,40838,1719,39731,1589,38889,1183,35147,1298,33385,1444,27858,1032,29475,1361,28530,1315,27089,922,26928,1099,25898,1022,26293,931,22519,944,22728,709,22675,626,22770,710
Iowa,59094,2484,60855,3275,57810,3425,60156,6134,54855,1967,53442,2138,50219,1974,49016,1342,50721,1535,50142,1293,48908,1451,48126,1491,46500,1339,43391,1521,41384,884,41049,1152,40976,1133,40991,811,41098,1130,37019,1202,33783,1282,33209,1527,35519,942,33079,1280,28663,1240,28743,972,28553,1012,27288,986,26265,792,24305,1078,22190,912,22459,750,20927,604,19863,745
Kansas,56810,3268,54865,3731,53444,2863,47820,4496,51485,1498,50003,1812,46147,1950,46054,1816,44717,1788,47877,1410,48497,1805,45552,1252,42027,985,41066,1749,44232,1326,42619,1047,41415,1115,41059,1168,37348,2078,36711,1617,36471,1614,32585,1460,30341,921,28322,1064,29770,1144,30346,1137,29295,934,29917,1179,26862,908,25566,1153,25583,900,23926,782,22788,1033,24629,912
Kentucky,45369,2005,42387,2269,42786,1580,44879,3924,42158,1874,41086,1900,39856,1847,41104,2823,42664,1313,41148,812,39452,1211,39485,1051,36699,898,35610,1218,36936,857,36762,874,38437,1009,36265,848,33738,1484,36252,1511,33452,1659,32413,1439,29810,1149,26595,1028,24376,1091,23485,1259,23764,1046,24780,1213,23283,1206,19907,801,20673,939,19874,1006,17361,748,17680,1079
Louisiana,42196,1197,45922,2140,42406,1862,46425,2543,39622,2857,39085,1611,40658,1929,39300,3248,45433,1813,39563,1486,41313,937,36488,1425,37236,1297,36429,1243,33507,1103,34008,1258,33322,1195,30718,828,32654,1244,31735,1660,33260,1551,30262,1290,27949,1090,25676,1501,26312,1164,25439,1142,25299,1156,22405,1580,22861,1857,20497,1474,21349,858,20890,956,21179,728,18949,880
Maine,50856,3346,50756,1929,51710,2171,54957,3863,50121,1953,49158,2247,49693,1983,47931,1687,47502,1739,47228,1436,47894,1398,45642,1797,43923,1433,41329,1223,37113,945,36853,846,36612,952,37266,853,38862,1319,35640,1049,32772,1301,34696,1211,33858,1088,30316,1537,27438,1203,29617,1026,27868,1253,27464,1572,28221,1389,26402,942,23600,1019,23424,970,20519,803,20648,884
Maryland,73760,2591,73594,2692,76165,4272,69353,2970,65262,4386,71836,1851,68876,2125,64201,2297,64186,1674,63711,1769,65630,1661,63668,1601,60512,1477,57103,1692,52314,1223,56407,1532,53530,1652,54535,1400,52205,2217,50016,2161,46685,1476,43993,2565,41041,1627,39198,1400,39939,1282,37203,1626,36952,1417,38857,1596,36016,1187,36552,1196,34970,1388,30604,1036,30136,966,29708,1151
Massachusetts,72266,2911,67861,2790,63151,2662,62529,5303,62963,3456,63656,3773,63313,3226,60934,2193,59373,1749,60320,1674,58463,2231,55330,2079,56017,1754,52019,1667,50955,953,49855,1153,52253,1518,46753,1357,44005,2023,42345,1961,42023,1383,39494,1932,38574,1475,40500,1060,37064,949,36359,738,35714,790,36247,828,36086,704,33213,839,32241,716,30339,735,28207,810,26959,693
Michigan,57091,1908,54203,2005,52005,1199,56567,1587,48801,2229,50015,1515,48879,1844,46276,1737,45994,1003,49788,1154,49370,798,48647,966,45933,915,42256,858,45022,950,42715,1115,45047,868,45512,1095,46089,1026,41821,917,38742,1108,39225,1143,36426,994,35284,685,32662,682,32267,761,32117,689,29937,663,30775,790,29472,607,27702,724,26605,648,24242,838,22965,635
Minnesota,70218,4045,68730,3063,67244,3207,64324,3992,60907,1843,61795,1339,57820,2380,52321,1606,56090,1237,54925,1427,58058,1888,56211,1218,54215,1244,56104,1070,52823,1228,54622,1196,52681,1134,54251,1703,47038,1527,47926,2115,42564,1510,40991,1225,37933,1848,33644,1360,33682,1212,30981,1297,29479,1146,31465,1028,30185,1278,29087,1041,28082,1113,26443,1150,23856,1022,24436,914
Mississippi,41099,1226,40037,1071,35521,1294,32338,2730,40850,2144,36641,1546,41090,2366,38160,2830,35078,1304,36446,830,37279,951,34733,1583,32875,1292,34755,1132,32728,1113,30882,766,30161,1186,34299,1354,32478,1408,29120,1158,28499,1386,26677,1316,26538,1028,25400,752,22191,1229,20570,1074,19475,1053,20178,802,19917,947,18166,888,18513,901,16513,639,16413,619,15430,732
Missouri,55016,1719,59196,2607,56630,3030,46303,4134,50311,3698,49764,2042,45774,2157,45817,2157,48769,1595,46038,1146,46005,1104,44579,1402,42986,989,42137,1073,43762,875,42776,1074,41339,1204,45097,1187,41383,1191,40201,1868,36553,2060,34265,1513,34825,1373,30190,1442,28682,1466,27361,1451,27926,1415,27332,1394,26497,746,23443,1088,23720,1167,21925,772,21939,608,20775,715
Montana,57075,2880,51395,2937,51102,1778,43201,5946,44132,3252,45088,2565,40277,2036,41280,1847,40437,1002,42900,1764,43655,1699,41105,697,37313,1161,33956,709,34108,1067,34835,1212,32126,737,32777,1001,31038,966,31577,1133,29212,1145,28684,1566,27757,1105,27631,1246,26470,965,26525,728,24827,890,23375,983,23692,1311,22231,829,20474,799,20328,749,20236,800,19536,720
Nebraska,59374,2678,60474,2937,56870,2254,57623,4217,53774,1815,52196,2699,55616,2693,52504,1761,49595,1657,50728,1254,49174,1379,48145,1490,47923,1447,43786,1332,43974,1306,42796,1038,43611,1116,41750,1018,38626,1366,36413,1549,34692,1528,34014,1500,32929,1155,31794,1116,31008,833,30048,1071,29549,1007,27482,1128,26319,1521,25159,960,23268,761,21772,814,21799,914,21397,765
Nevada,55431,2137,52008,2272,49875,1836,51846,3178,45369,2830,47333,2533,47043,2669,51200,1922,51434,1097,54744,2658,54058,1294,52282,1252,48209,1680,47204,1382,45184,1554,44958,1161,45403,1130,45758,1011,41461,1764,39756,1225,38854,1576,38540,1615,36084,1314,35871,1534,35814,1078,31908,796,32937,1564,32023,1179,29340,948,27983,956,26878,1128,26217,895,23274,1005,25776,1018
New Hampshire,76260,2913,75675,3519,73397,3253,69099,3967,71322,3261,67819,2224,65880,1652,66633,1651,64131,1856,66176,3204,67576,1846,61970,1479,56984,2026,56815,1324,55567,1304,55321,1289,51331,719,50926,1243,46055,1952,44958,1866,40998,1604,39407,1734,39171,1556,35245,1837,37964,1620,39436,1922,36032,1339,40805,1313,37532,1371,34625,1129,32338,1450,30548,829,26403,1074,25914,735
New Jersey,68468,2867,68357,3132,65243,2693,63754,4464,61782,3058,66692,1960,62338,3028,62968,2443,64777,1919,65306,2297,60508,1458,68059,1979,63368,2257,55275,1283,56045,1023,54568,1605,51771,933,50405,991,49734,1405,49826,1436,48021,1424,47468,1217,43924,1400,42280,1064,40500,986,39000,841,40049,1033,38734,864,39120,948,36287,658,34241,794,31715,842,30980,643,27776,800
New Mexico,48451,2961,45119,2885,46686,3312,40166,4408,42127,2670,43424,2267,41982,2154,45134,3016,43542,1494,42102,1381,44356,1474,40028,1257,38947,1700,39562,1584,35105,1142,35457,1061,33124,1238,35093,1248,32574,1746,31543,1398,30086,1157,25086,1091,25991,1100,26905,1382,26758,853,25860,1347,26540,1195,25039,1048,22602,1029,19296,833,20758,621,19845,693,20423,1025,20630,1029
New York,61437,1405,58005,2205,54310,1781,49966,2267,53843,1642,47680,1585,50636,1006,49781,1320,50216,599,50461,682,48944,918,48222,989,47176,827,44649,792,42788,872,41966,580,42114,600,40744,581,39989,879,37394,777,35798,634,35410,746,33028,716,31899,477,31697,556,31051,529,31794,538,31591,511,31496,453,28915,668,26384,456,25025,474,23639,523,22027,417
North Carolina,53764,1629,50797,1343,46784,1710,46337,2974,41208,2058,41553,1294,45206,1560,43830,1923,41906,576,42930,846,43513,1072,39797,815,42056,964,40238,812,37279,941,36515,716,38162,951,38317,806,37254,960,35838,1022,35840,917,35601,1008,31979,888,30114,670,28820,653,27771,616,26853,510,26329,556,26406,517,24415,536,22760,542,21861,698,21451,585,20569,641
North Dakota,60184,2290,57415,3233,60730,3138,59152,3451,52888,2863,55766,2123,56361,2960,51006,2311,50075,1738,49631,1188,47205,1280,41047,1405,42192,1221,39220,1251,40410,852,36200,824,35793,804,35996,1065,32663,1383,30304,1179,31661,1361,31470,1184,29089,1217,28278,1115,28118,835,26959,901,25892,932,25264,1003,25229,903,24092,1009,22576,905,21508,785,21205,809,20771,1038
Ohio,53985,1894,53301,1957,49644,1393,50748,2448,46398,1386,44375,1723,44648,1200,45886,1493,45879,626,46934,848,49099,1085,45900,633,44203,1046,43055,977,43520,930,42684,777,41785,661,42962,732,39489,989,38925,1576,36134,894,34070,1063,34941,988,31855,584,31285,658,31404,587,29790,759,30013,720,29021,655,27740,636,25773,555,25115,588,25174,564,23123,492
Oklahoma,50943,1652,47077,1937,47199,2775,46162,3442,43777,4085,48407,2821,48455,2395,43103,2073,45878,1139,46111,931,43216,1453,38838,1597,37645,1449,39614,1122,35902,781,36458,613,35609,690,32432,709,32683,1491,33727,1232,31351,1025,27437,1089,26311,880,26991,1213,26260,1492,25284,1075,25462,1079,24384,1044,23667,1236,23667,756,21691,884,20948,871,21205,764,21148,718
Oregon,59135,2622,60834,2374,58875,2998,48999,2887,56307,2022,51775,2330,51526,1607,50602,1505,49098,1644,51727,1374,50236,1357,47091,1396,44159,1391,40994,1051,41638,965,41802,855,41273,752,42499,936,40619,1252,39067,1927,37247,1788,35492,1274,36374,970,31456,1128,33138,1160,31927,2039,30190,1087,29281,966,28529,1435,27748,1150,25038,1092,24773,1002,21894,1042,21399,745
Pennsylvania,60979,2036,60389,2227,55173,2266,55156,2936,53952,1606,51904,1405,49910,1694,48314,1508,48172,937,51402,589,48437,932,48477,869,46300,745,44106,1039,42933,778,42498,795,43499,723,42176,704,37758,1141,39015,1080,37517,964,34899,974,34524,683,32066,654,30995,694,29882,667,30367,614,29005,688,28690,684,26742,497,25424,541,23807,495,22877,538,20346,499
Rhode Island,61528,2828,55701,3247,58633,4001,56323,3852,57812,2135,56065,2561,49033,2283,51623,1730,51634,1446,53241,2399,54210,1849,53736,1823,49484,1456,47935,1972,44711,1249,42417,875,45723,1147,42197,1018,42719,1980,40686,2657,34797,2235,36986,1036,35359,1373,31928,1321,33509,1547,30432,1433,30836,1091,31968,1175,30124,1354,29842,1584,28292,1440,26540,1060,24625,900,21612,848
South Carolina,54336,3153,46360,2266,44929,2244,43563,2388,43749,2970,44401,2157,40084,1702,41698,1460,41101,1113,42155,1121,44213,1553,39617,1347,40230,1204,38691,1021,38479,1121,37812,1224,37736,1023,37570,937,36462,1728,33267,1310,34262,1609,34665,1405,29071,1400,29846,1139,26053,960,27578,1434,27463,1137,28735,1383,23798,1059,25533,1150,25049,1136,21968,864,20036,862,20309,934
South Dakota,57450,3075,55065,2604,53053,3542,53413,2917,54453,3030,49415,1705,47223,2147,45352,2045,45826,1289,51600,995,46418,900,45427,1641,43151,1369,41107,995,39522,1004,37873,953,39671,856,36475,687,35828,944,32786,1013,29694,1145,29526,1003,29578,1610,29733,1185,27737,1040,26259,669,24639,780,24571,858,24108,999,22294,703,21151,597,19898,664,18142,702,19409,928
Tennessee,51344,1387,47330,1708,43716,2326,43361,3435,42499,2934,42995,2407,42279,2556,38591,1257,40517,988,39702,1211,41195,1116,40693,755,39406,1191,38072,1057,37523,1181,37030,1111,35783,791,34096,930,36522,1310,34091,1307,30636,1358,30790,1087,29015,1268,28639,1028,25102,831,24318,913,24453,915,22592,869,22611,1305,20856,1017,21179,795,18256,884,17778,557,16782,576
Texas,58146,1407,56473,1289,53875,1344,51406,1360,53027,1613,51926,950,49047,1153,47266,1159,47475,743,46490,674,46053,700,43307,828,41422,420,41397,549,39271,762,40149,563,40860,512,38609,785,38688,1020,35783,662,35075,880,33072,763,32039,634,30755,655,28727,613,27953,634,27733,626,28228,716,25886,559,24963,582,24721,637,24162,514,23743,546,23024,533
Utah,67481,2237,66258,2462,63383,3231,61047,1553,62967,4137,58341,2944,55493,1659,56701,1962,58491,1588,62537,1526,53529,1218,54628,1671,54813,1303,50871,927,49275,902,47861,1146,47342,1601,47550,1041,46050,1615,44299,1375,42775,1785,37038,1330,36480,919,35716,1041,35786,1242,34251,1145,28016,1359,30142,1018,30717,1014,26313,909,26529,1194,26281,810,25238,702,23057,735
Vermont,60837,1364,59494,2622,60708,3098,65513,4013,54842,2981,55582,3030,51862,2007,55928,2247,52318,1438,50706,982,47390,1398,51981,1266,50704,1309,47329,1270,43261,977,42999,830,40794,944,39594,921,41584,1407,39372,1591,35053,1727,32358,1250,33824,1242,35802,1906,31065,956,32755,1333,29155,1222,31098,1331,31295,1136,28988,1077,25415,1374,24599,1003,26000,942,22578,983
Virginia,66451,2436,61486,2439,66155,2946,65907,2740,67620,2542,64632,2166,62616,1773,60367,1965,60501,1193,61985,1447,59161,1365,57119,1592,51914,1185,51141,1116,54783,1563,49631,1290,50241,1148,47163,1065,45693,1770,43354,2195,42957,1897,39211,1459,36222,1391,37647,1531,36433,1387,38198,1359,36137,1336,35073,1048,34118,1205,32648,1319,29996,1013,29715,1074,28429,1324,26525,874
Washington,70310,2092,67243,3253,59068,2195,63922,3386,60106,2198,62187,2249,56850,1983,56163,2060,60392,1199,56631,2021,58080,1736,54723,1244,50646,1045,49922,1068,47508,1395,45183,964,42490,1264,42525,1211,45473,2080,47421,1379,44562,1715,36676,1608,35568,1252,33533,1190,35655,1111,33900,1247,33970,1185,32112,1239,31961,1472,32327,1030,27319,1108,26881,950,24000,756,25017,823
West Virginia,44354,1994,42824,3132,39552,2195,43069,3454,40241,2690,43553,2774,41821,1766,42777,2518,40490,913,37994,1404,42091,989,38419,1214,36445,1076,33373,1173,32763,993,29359,699,29673,674,29411,645,29297,1149,26704,780,27488,1315,25247,1301,24880,870,23564,1217,22421,981,20271,892,23147,918,22137,1142,21677,843,19353,930,17207,778,16464,905,15983,828,16843,608
Wisconsin,59817,1845,55425,1487,58080,2154,51726,2629,55258,2338,53079,1709,52058,2067,50351,1435,51237,806,51200,852,51277,1040,51692,1146,44650,1178,45732,1337,46269,978,45903,946,45346,1123,45088,952,45667,1878,41327,1271,39595,1150,40001,1780,40955,1318,35388,1272,31766,1340,33308,1097,31133,1018,30711,897,29123,1240,29575,978,26369,1410,26430,803,23246,1161,20743,821
Wyoming,57829,3122,60925,2024,55690,2019,67441,3988,55700,3168,57512,2820,54509,2277,52201,2181,52470,2131,53337,1577,48744,1363,47041,1503,44718,1508,45397,1146,42555,1000,39763,976,39719,1166,39629,1056,37248,1285,35250,1316,33423,1441,30953,858,31529,1136,33140,1848,29442,1167,30209,1420,29050,1382,29460,991,29521,1289,26419,1095,27590,1458,23559,863,22081,1049,23816,731
2016 DOLLARS,,,,,,,,,,,,,,,,,,,,,,,,,,,,,,,,,,,,,,,,,,,,,,,,,,,,,,,,,,,,,,,,,,,,
State,2016,,2015,,2014,,2013 (39),,2013 (38),,2012,,2011,,2010 (37),,2009 (36),,2008,,2007,,2006,,2005,,2004(revised),,2003,,2002,,2001,,2000 (30),,1999 (29),,1998,,1997,,1996,,1995 (25),,1994 (24),,1993 (23),,1992 (22),,1991,,1990,,1989,,1988,,1987 (21),,1986,,1985 (20),,1984 (19),
,"Median
income","Standard
error","Median
income","Standard
error","Median
income","Standard
error","Median
income","Standard
error","Median
income","Standard
error","Median
income","Standard
error","Median
income","Standard
error","Median
income","Standard
error","Median
income","Standard
error","Median
income","Standard
error","Median
income","Standard
error","Median
income","Standard
error","Median
income","Standard
error","Median
income","Standard
error","Median
income","Standard
error","Median
income","Standard
error","Median
income","Standard
error","Median
income","Standard
error","Median
income","Standard
error","Median
income","Standard
error","Median
income","Standard
error","Median
income","Standard
error","Median
income","Standard
error","Median
income","Standard
error","Median
income","Standard
error","Median
income","Standard
error","Median
income","Standard
error","Median
income","Standard
error","Median
income","Standard
error","Median
income","Standard
error","Median
income","Standard
error","Median
income","Standard
error","Median
income","Standard
error","Median
income","Standard
error"
United States,59039,436,57230,325,54398,397,55214,674,53518,284,53331,218,53401,268,54245,358,55683,238,56076,153,58149,162,57379,246,56935,190,56332,249,56528,245,56599,186,57246,175,58544,184,58665,274,57248,339,55218,255,54105,273,53330,308,51710,236,51116,239,51390,243,51791,248,53350,273,54042,297,53124,271,52690,257,52068,270,50258,272,49335,225
Alabama,47221,2301,45071,3462,42861,1550,48758,5678,42639,2385,45436,2644,45438,2156,45061,2638,44724,1011,49580,1849,48864,1644,45179,1207,45657,1493,46542,1656,48616,2062,50185,1417,47664,1364,49389,1495,52257,1714,53392,1924,47658,2398,46193,1918,40677,1981,43588,2499,41039,1780,43292,1775,41855,1836,41615,1848,39792,2000,38925,1780,39898,2319,40012,1851,39012,1617,38099,1332
Alaska,75723,4086,76061,3529,68562,3197,74675,5612,62995,3401,66535,2968,61271,3958,63682,2631,68914,1959,71333,2566,72920,1832,67161,1780,68690,1636,69965,2631,67645,1280,70432,1432,77763,2728,73681,1616,74089,3209,74630,3127,71615,1877,80458,2907,75049,3143,72711,2394,70243,2688,70121,1939,69819,3132,70018,2899,67316,2576,64594,2308,67190,3027,65576,2127,74014,2317,71216,3242
Arizona,57100,1971,52908,2033,49934,2336,54210,4498,52140,4978,49178,3055,51872,2586,51625,2452,51166,1388,52298,1254,54655,1800,55541,1483,55606,1562,55712,1452,53720,1856,53029,1339,57891,1953,55467,1687,53330,1633,54605,1848,48854,1935,48228,1942,48301,2128,50154,1239,49920,1833,49247,1825,52842,1542,52069,2033,53380,2262,51583,1645,54081,1803,53329,1502,50809,1583,47156,1340
Arkansas,45907,2165,43339,1592,45542,2581,40573,2475,41132,2462,40788,2940,44064,1973,42478,2712,40873,1017,44129,1331,47224,1560,44113,913,45053,1609,44452,1263,41761,1013,43224,1038,45195,1551,41404,1076,42788,1479,40729,1708,39038,1722,41347,1491,40400,1563,40974,1513,37696,1386,40061,2345,40289,1346,40598,1748,40070,1711,39362,1378,38064,2038,39171,1600,37135,1626,34498,1646
California,66637,1075,64440,1733,61322,906,62642,1866,59276,1260,59606,1294,56936,1470,59757,1301,62795,692,63557,924,64517,715,65852,827,63607,565,62543,839,64334,1069,63309,1022,64070,986,65272,956,62893,1013,60264,849,59230,1289,59166,1247,57920,1132,56626,992,55750,1065,58548,1055,57874,1178,59313,1007,61712,1155,59099,1237,60949,1088,60670,1192,57414,745,55657,801
Colorado,70566,4125,67438,3729,61781,2447,69976,4254,65297,2885,59852,2831,62549,2724,66307,2731,62566,1784,67937,2116,70776,1174,66302,1814,62002,1582,64657,2020,65170,1511,64453,1954,66964,1613,67258,1725,69449,2138,68605,1599,64511,2901,62425,2026,63706,2429,60636,2318,56429,2567,54490,2468,54152,2140,54757,1614,50116,2614,51151,2507,53529,2173,56868,1937,59970,1809,56788,1772
Connecticut,75923,3404,73810,4505,71129,2702,71397,3336,69841,2624,67161,2982,69789,3216,72653,2306,72546,2582,72105,3011,74249,2372,74286,2574,69850,2007,70012,2094,71727,2037,71250,1828,72319,1681,69951,1892,72932,3310,68471,4016,65633,2968,64207,4706,62981,3551,65867,2556,64656,2716,68509,3308,72470,3342,69255,3736,79122,2976,70662,2523,66440,2754,68431,3357,66158,2402,65922,2725
Delaware,58046,2992,58486,3435,58316,3011,55735,4482,53806,2562,51193,2066,58315,1862,60782,2482,58298,1992,56521,1547,63191,2499,62423,2059,62968,1322,61053,1806,63968,1798,66263,2249,67242,1990,70220,2102,67216,3288,61036,2581,64213,3077,59924,2137,54663,2892,57495,1909,59008,1389,59848,2337,56019,1910,54884,1983,59953,2118,59524,2277,59125,1769,53593,2535,48900,2907,56828,2260
D.C.,70982,2734,70956,2897,69219,4463,61882,5697,62519,3176,68206,3838,58946,2250,62669,3669,59446,2336,61970,1965,58786,1270,57708,1999,55296,2663,55210,2368,58781,1850,52143,1328,55810,1387,57473,1495,55744,2305,49221,1930,47541,1468,48730,2406,48121,1850,48268,1774,44675,2824,50738,1885,51377,3272,48805,2783,50015,1898,52180,1460,55508,2598,50866,2618,44849,1609,44918,1893
Florida,51176,835,49442,1413,46777,963,50007,2901,49341,1621,48161,1160,48121,1214,48510,1700,51045,790,50005,956,53010,660,54373,749,52835,995,51505,803,50857,990,50747,1105,49373,565,54174,1036,51652,904,51394,1129,48428,870,46710,782,46552,958,46950,1013,46713,1157,45877,882,46851,817,47545,809,48768,888,49575,927,49512,962,47785,1129,45417,930,43547,1030
Georgia,53527,1679,51410,1419,50239,2037,48420,4365,48881,2019,50304,1572,49047,2649,48566,2006,48483,1405,51532,1298,56306,1248,58740,1440,56443,1030,52076,785,55380,1278,57306,1477,57717,1455,58420,1159,56833,1953,56924,1736,54707,1367,49538,2540,53366,1404,50433,1984,51807,2052,48306,2060,46782,1870,49106,2113,51492,1909,51838,1748,54010,2790,50966,2326,44791,1677,43985,1794
Hawaii,72133,2510,65329,2876,72206,2713,66187,4037,63274,2274,58815,2357,62995,2700,65543,3006,62252,2263,68581,1651,74111,2460,71984,1870,73231,1490,71463,2147,67641,1738,63130,1830,64310,1703,71867,1663,64154,2641,60107,3488,61081,2088,63678,2886,67063,2022,67723,3883,69803,2878,70642,2407,64032,2802,69346,2519,65500,2483,64440,2892,70807,2171,60655,2522,61627,3077,63558,2676
Idaho,56564,1261,52276,1276,54175,2607,49940,5651,53340,3767,50096,3317,50633,3721,51795,2057,52328,1414,52862,1874,56935,1494,55013,1562,54292,1541,56363,1762,55294,1281,50334,1496,51841,1310,52438,1662,51607,2037,54002,1605,49844,1998,52911,2044,51139,1747,50544,2048,50738,2165,46472,1466,44898,1769,45086,1737,46092,1782,45758,1959,41962,1686,43393,1422,44178,1273,46423,2120
Illinois,61386,1761,61176,2024,55674,1647,55576,3387,58934,1797,54085,1388,54023,1466,55844,1623,59143,1053,59366,1477,60780,1100,57939,1389,59481,1212,58547,1046,58923,1399,57001,1142,62591,1192,64224,1347,66786,1482,63568,1817,61601,1167,60297,1688,59582,1369,56225,1281,53760,1325,52925,1261,54814,1227,57980,1290,58517,1165,57610,1471,54758,1084,55444,1326,52922,1113,52278,1248
Indiana,56094,2877,52640,1703,48723,1970,50958,4645,52089,3318,48252,1868,47417,2463,50792,2832,49562,1214,51859,1321,54931,1453,54053,1471,52155,1352,53785,1462,55363,1251,54781,998,54739,1285,56975,947,58869,2478,58493,2339,58029,1765,53579,1979,52248,2260,44649,1654,48227,2227,47858,2206,46570,1585,47978,1958,48418,1911,51306,1817,45529,1909,47532,1483,48251,1332,50117,1563
Iowa,59094,2484,61624,3316,58608,3472,61984,6320,56522,2027,55866,2235,53577,2106,53959,1477,56739,1717,55897,1441,56615,1680,57290,1775,57148,1646,55134,1933,54004,1154,54784,1537,55548,1536,57151,1131,59244,1629,54501,1770,50410,1913,50625,2328,55588,1474,53017,2051,46898,2029,48215,1630,49087,1740,48619,1757,49104,1481,47426,2104,44863,1844,46969,1569,44531,1285,43718,1640
Kansas,56810,3268,55558,3778,54182,2903,49273,4633,53050,1544,52271,1894,49233,2080,50698,1999,50023,2000,53372,1572,56139,2089,54226,1490,51651,1211,52180,2222,57721,1730,56879,1397,56144,1512,57246,1628,53839,2996,54047,2381,54421,2408,49673,2226,47484,1441,45392,1705,48710,1872,50904,1907,50363,1606,53303,2101,50220,1698,49887,2250,51723,1820,50037,1635,48492,2198,54208,2007
Kentucky,45369,2005,42923,2298,43376,1602,46243,4043,43439,1931,42950,1986,42521,1971,45249,3108,47726,1469,45870,905,45669,1402,47003,1251,45103,1104,45247,1548,48200,1118,49062,1166,52106,1368,50562,1182,48635,2139,53371,2225,49916,2476,49411,2194,46653,1798,42625,1648,39884,1785,39395,2112,40854,1798,44151,2161,43529,2255,38845,1563,41796,1898,41563,2104,36943,1592,38914,2375
Louisiana,42196,1197,46502,2167,42991,1888,47836,2620,40826,2944,40858,1684,43377,2058,43263,3576,50824,2028,44103,1657,47823,1085,43436,1696,45763,1594,46288,1579,43725,1439,45387,1679,45172,1620,42828,1154,47072,1793,46721,2444,49630,2314,46132,1967,43741,1706,41152,2406,43052,1905,42673,1916,43493,1987,39919,2815,42740,3472,39996,2876,43163,1735,43688,1999,45068,1549,41707,1937
Maine,50856,3346,51397,1953,52424,2201,56627,3980,51644,2012,51388,2349,53016,2116,52765,1857,53138,1945,52648,1601,55441,1618,54333,2139,53981,1761,52514,1554,48431,1233,49184,1129,49632,1291,51957,1189,56021,1901,52470,1544,48901,1941,52892,1846,52989,1703,48588,2463,44894,1968,49681,1721,47910,2154,48933,2801,52761,2597,51518,1838,47714,2060,48988,2029,43663,1709,45446,1946
Maryland,73760,2591,74524,2726,77216,4331,71461,3060,67245,4519,75094,1935,73482,2267,70675,2529,71802,1873,71023,1972,75972,1923,75791,1906,74369,1815,72557,2150,68268,1596,75281,2045,72567,2240,76034,1952,75255,3196,73635,3181,69662,2202,67064,3910,64230,2546,62824,2244,65348,2098,62406,2728,63526,2436,69232,2844,67334,2219,71324,2334,70702,2806,64003,2167,64128,2056,65387,2533
Massachusetts,72266,2911,68719,2825,64023,2699,64429,5464,64877,3561,66543,3944,67547,3442,67079,2414,66418,1957,67243,1866,67676,2583,65865,2475,68845,2156,66097,2118,66494,1244,66536,1539,70836,2058,65184,1892,63435,2916,62342,2887,62706,2064,60206,2945,60369,2308,64910,1699,60644,1553,60990,1238,61398,1358,64582,1475,67465,1316,64809,1637,65184,1448,63449,1537,60023,1724,59337,1525
Michigan,57091,1908,54888,2030,52723,1216,58286,1635,50284,2297,52284,1584,52147,1967,50943,1912,51451,1122,55502,1286,57150,924,57910,1150,56452,1125,53692,1090,58752,1240,57007,1488,61067,1177,63454,1527,66439,1479,61570,1350,57810,1653,59796,1742,57008,1556,56551,1098,53441,1116,54126,1277,55214,1185,53339,1181,57536,1477,57509,1184,56008,1464,55640,1355,51586,1783,50546,1398
Minnesota,70218,4045,69599,3102,68172,3251,66279,4113,62758,1899,64598,1400,61686,2539,57597,1768,62745,1384,61228,1591,67207,2186,66914,1450,66630,1529,71287,1360,68932,1602,72898,1596,71416,1537,75638,2374,67807,2201,70558,3114,63513,2253,62488,1867,59366,2892,53922,2180,55110,1983,51969,2176,50679,1970,56061,1832,56433,2389,56757,2031,56776,2250,55301,2405,50764,2175,53784,2012
Mississippi,41099,1226,40543,1085,36011,1312,33321,2813,42091,2209,38303,1616,43838,2524,42008,3115,39240,1459,40629,925,43154,1101,41347,1884,40403,1588,44161,1438,42709,1452,41215,1022,40887,1608,47821,1888,46818,2030,42871,1705,42525,2068,40667,2006,41533,1609,40709,1205,36309,2011,34505,1802,33481,1810,35951,1429,37236,1770,35447,1733,37429,1822,34534,1336,34926,1317,33961,1611
Missouri,55016,1719,59944,2640,57412,3072,47710,4260,51840,3810,52021,2135,48835,2301,50437,2375,54556,1784,51322,1278,53255,1278,53067,1669,52830,1215,53541,1363,57108,1142,57089,1433,56040,1632,62875,1655,59655,1717,59185,2750,54543,3074,52234,2306,54502,2149,48386,2311,46929,2399,45897,2434,48009,2433,48698,2484,49538,1395,45744,2123,47957,2359,45853,1615,46685,1294,45726,1574
Montana,57075,2880,52044,2974,51807,1803,44514,6127,45473,3351,47133,2681,42970,2172,45443,2033,45235,1121,47823,1966,50534,1967,48932,830,45858,1427,43146,901,44510,1392,46491,1618,43551,999,45699,1396,44742,1393,46489,1668,43589,1709,43727,2387,43440,1729,44285,1997,43310,1579,44494,1221,42682,1530,41647,1751,44294,2451,43379,1618,41394,1615,42513,1566,43061,1702,42999,1585
Nebraska,59374,2678,61238,2974,57655,2285,59374,4345,55408,1870,54564,2821,59335,2873,57799,1939,55480,1854,56550,1398,56923,1596,57312,1774,58897,1778,55636,1692,57384,1704,57115,1385,59120,1513,58209,1419,55681,1969,53608,2280,51766,2280,51852,2287,51535,1808,50957,1789,50735,1363,50404,1797,50799,1731,48965,2010,49205,2844,49093,1873,47043,1539,45533,1702,46387,1945,47095,1684
Nevada,55431,2137,52665,2301,50563,1861,53422,3275,46748,2916,49480,2648,50189,2847,56363,2116,57537,1227,61027,2963,62577,1498,62237,1490,59249,2065,59979,1756,58963,2028,60001,1549,61550,1532,63797,1410,59768,2543,58530,1803,57977,2352,58751,2462,56472,2056,57491,2459,58599,1764,53524,1335,56624,2689,57056,2101,54853,1772,54603,1865,54342,2281,54829,1872,49526,2139,56733,2241
New Hampshire,76260,2913,76631,3563,74410,3298,71199,4088,73490,3360,70895,2325,70285,1762,73352,1817,71740,2076,73771,3572,78225,2137,73770,1761,70033,2490,72191,1682,72513,1702,73831,1720,69586,975,71002,1733,66390,2814,66189,2747,61176,2393,60073,2643,61304,2435,56488,2944,62117,2651,66152,3224,61945,2302,72703,2339,70169,2563,67564,2203,65381,2932,63886,1734,56184,2285,57037,1618
New Jersey,68468,2867,69221,3172,66143,2730,65692,4600,63660,3151,69717,2049,66506,3230,69318,2689,72463,2147,72801,2561,70043,1688,81018,2356,77879,2774,70234,1630,73136,1335,72826,2142,70182,1265,70276,1382,71693,2025,73356,2114,71656,2125,72362,1855,68742,2191,67763,1705,66266,1613,65421,1411,68851,1776,69013,1539,73137,1772,70807,1284,69228,1605,66327,1761,65924,1368,61135,1761
New Mexico,48451,2961,45689,2921,47330,3358,41387,4542,43407,2751,45394,2370,44789,2298,49685,3320,48708,1671,46934,1539,51346,1706,47650,1496,47866,2089,50269,2013,45811,1490,47321,1416,44904,1678,48928,1740,46957,2517,46439,2058,44893,1726,38242,1663,40677,1722,43121,2215,43781,1396,43379,2260,45627,2054,44612,1867,42256,1924,37652,1625,41968,1256,41503,1449,43459,2181,45407,2265
New York,61437,1405,58738,2233,55060,1806,51485,2336,55479,1692,49843,1657,54022,1073,54801,1453,56174,670,56252,760,56657,1063,57404,1177,57979,1016,56732,1006,55837,1138,56008,774,57091,813,56806,810,57646,1267,55053,1144,53417,946,53980,1137,51690,1121,51125,765,51862,910,52087,887,54659,925,56286,910,58884,847,56422,1303,53343,922,52336,991,50302,1113,48481,918
North Carolina,53764,1629,51439,1360,47430,1734,47745,3064,42460,2121,43438,1353,48229,1664,48250,2117,46878,644,47857,943,50370,1241,47375,970,51687,1185,51128,1032,48648,1228,48733,956,51734,1289,53423,1124,53703,1384,52762,1505,53479,1368,54271,1537,50048,1390,48265,1074,47155,1068,46584,1033,46165,877,46911,991,49368,967,47641,1046,46016,1096,45719,1460,45646,1245,45272,1411
North Dakota,60184,2290,58141,3274,61568,3181,60950,3556,54495,2950,58296,2219,60130,3158,56150,2544,56017,1944,55327,1324,54644,1482,48863,1673,51854,1501,49834,1590,52733,1112,48312,1100,48522,1090,50187,1485,47085,1994,44615,1736,47244,2031,47974,1805,45525,1905,45322,1787,46007,1366,45222,1511,44513,1602,45013,1787,47167,1688,47011,1969,45644,1830,44981,1642,45123,1722,45717,2285
Ohio,53985,1894,53975,1982,50329,1412,52290,2522,47808,1428,46388,1801,47634,1280,50513,1644,51323,700,52320,945,56836,1256,54640,754,54325,1286,54707,1241,56792,1214,56966,1037,56645,896,59899,1021,56925,1426,57307,2320,53918,1334,51937,1620,54684,1546,51055,936,51188,1077,52679,985,51214,1305,53474,1283,54257,1225,54129,1241,52108,1122,52524,1230,53569,1200,50894,1083
Oklahoma,50943,1652,47672,1961,47850,2813,47565,3547,45107,4209,50603,2949,51695,2555,47450,2282,51322,1274,51403,1038,50026,1682,46233,1901,46266,1781,50335,1426,46851,1019,48657,818,48273,935,45218,989,47114,2149,49654,1814,46781,1529,41826,1660,41177,1377,43259,1944,42966,2441,42413,1803,43773,1855,43445,1860,44247,2311,46181,1475,43855,1787,43809,1822,45123,1626,46547,1580
Oregon,59135,2622,61603,2404,59688,3039,50488,2975,58018,2083,54124,2436,54971,1714,55705,1657,54924,1839,57663,1532,58152,1571,56058,1662,54271,1710,52088,1335,54336,1259,55789,1141,55951,1019,59253,1305,58554,1805,57516,2837,55579,2668,54105,1942,56926,1518,50415,1808,54220,1898,53556,3420,51901,1869,52170,1721,53337,2683,54145,2244,50622,2208,51809,2096,46589,2217,47099,1640
Pennsylvania,60979,2036,61152,2255,55934,2297,56832,3025,55592,1655,54258,1469,53247,1807,53186,1660,53888,1048,57301,657,56070,1079,57708,1034,56903,916,56042,1320,56026,1015,56718,1061,58969,980,58803,982,54430,1645,57439,1590,55982,1438,53201,1485,54031,1069,51393,1048,50714,1136,50126,1119,52206,1056,51678,1226,53638,1279,52182,970,51402,1094,49789,1035,48681,1145,44782,1098
Rhode Island,61528,2828,56405,3288,59442,4056,58035,3969,59569,2200,58608,2677,52312,2436,56829,1904,57761,1618,59351,2674,62753,2140,63968,2170,60816,1789,60908,2506,58346,1630,56610,1168,61984,1555,58832,1419,61581,2854,59899,3912,51923,3335,56382,1579,55338,2149,51172,2117,54827,2531,51048,2404,53012,1876,56958,2094,56319,2531,58231,3091,57200,2911,55504,2217,52401,1915,47568,1866
South Carolina,54336,3153,46946,2295,45549,2275,44887,2461,45079,3060,46415,2255,42764,1816,45903,1607,45978,1245,46993,1250,51180,1798,47161,1603,49443,1480,49162,1297,50214,1463,50464,1634,51156,1387,52381,1306,52561,2491,48977,1929,51125,2401,52844,2142,45497,2191,47835,1826,42628,1571,46261,2405,47213,1955,51197,2464,44492,1980,49823,2244,50644,2297,45943,1807,42635,1834,44700,2056
South Dakota,57450,3075,55761,2637,53785,3591,55036,3006,56108,3122,51656,1782,50381,2291,49925,2251,51263,1442,57522,1109,53733,1042,54077,1953,53033,1683,52232,1264,51575,1310,50545,1272,53779,1160,50854,958,51647,1361,48269,1491,44309,1709,45010,1529,46290,2520,47654,1899,45383,1702,44048,1122,42358,1341,43778,1529,45071,1868,43502,1372,42763,1207,41613,1389,38605,1494,42719,2043
Tennessee,51344,1387,47928,1730,44319,2358,44679,3539,43791,3023,44945,2516,45106,2727,42483,1384,45325,1105,44258,1350,47687,1292,48441,899,48430,1464,48375,1343,48966,1541,49420,1483,48509,1072,47538,1297,52648,1888,50190,1924,45714,2026,46937,1657,45409,1984,45901,1648,41072,1360,40792,1532,42039,1573,40252,1548,42273,2440,40696,1984,42819,1607,38180,1849,37831,1185,36937,1268
Texas,58146,1407,57187,1305,54619,1363,52968,1401,54639,1662,54281,993,52327,1230,52032,1276,53108,831,51825,751,53310,810,51553,986,50908,516,52600,698,51247,994,53583,751,55391,694,53830,1094,55770,1470,52681,975,52338,1313,50416,1163,50142,992,49292,1050,47003,1003,46890,1064,47678,1076,50294,1276,48396,1045,48710,1136,49981,1288,50531,1075,50524,1162,50676,1173
Utah,67481,2237,67095,2493,64258,3276,62902,1600,64881,4263,60987,3078,59204,1770,62419,2160,65431,1776,69714,1701,61964,1410,65030,1989,67365,1601,64638,1178,64302,1177,63875,1529,64178,2170,66295,1451,66383,2328,65218,2024,63828,2664,56462,2027,57092,1438,57243,1668,58553,2032,57454,1921,48164,2336,53704,1814,57427,1896,51345,1774,53636,2414,54963,1694,53705,1494,50748,1618
Vermont,60837,1364,60246,2655,61546,3141,67504,4135,56509,3072,58103,3167,55330,2141,61568,2474,58526,1609,56525,1095,54858,1618,61879,1507,62315,1609,60138,1614,56454,1275,57386,1108,55302,1280,55203,1284,59945,2028,57965,2342,52305,2577,49327,1906,52935,1944,57381,3055,50828,1564,54945,2236,50122,2101,55408,2371,58508,2124,56564,2102,51384,2778,51445,2098,55326,2005,49694,2164
Virginia,66451,2436,62263,2470,67068,2987,67910,2823,69675,2619,67564,2264,66803,1892,66455,2163,67680,1335,69099,1613,68484,1580,67995,1895,63802,1456,64981,1418,71490,2040,66237,1722,68108,1556,65756,1485,65868,2552,63827,3232,64099,2831,59774,2224,56688,2177,60338,2454,59611,2269,64075,2280,62125,2297,62490,1867,63786,2253,63706,2574,60646,2048,62144,2246,60495,2817,58381,1924
Washington,70310,2092,68093,3294,59883,2225,65865,3489,61933,2265,65008,2351,60651,2116,61827,2268,67558,1341,63130,2253,67232,2010,65143,1481,62244,1284,63432,1357,61996,1820,60301,1287,57601,1714,59290,1688,65551,2998,69815,2030,66494,2559,55910,2451,55665,1959,53744,1907,58339,1818,56866,2092,58400,2037,57214,2208,59753,2752,63080,2010,55233,2240,56217,1987,51071,1609,55062,1811
West Virginia,44354,1994,43365,3172,40098,2225,44378,3559,41464,2772,45529,2900,44618,1884,47091,2772,45294,1021,42354,1565,48724,1145,45734,1445,44791,1322,42405,1490,42754,1296,39182,933,40226,914,41006,899,42233,1656,39315,1148,41017,1962,38487,1983,38938,1362,37767,1951,36685,1605,34004,1496,39793,1578,39442,2035,40527,1576,37764,1815,34789,1573,34432,1893,34011,1762,37071,1338
Wisconsin,59817,1845,56125,1506,58882,2184,53298,2709,56937,2409,55487,1787,55539,2205,55429,1580,57317,902,57076,950,59357,1204,61535,1364,54875,1448,58108,1699,60379,1276,61262,1263,61473,1522,62863,1327,65831,2707,60843,1871,59083,1716,60979,2713,64096,2063,56717,2039,51975,2193,55873,1840,53523,1750,54718,1598,54447,2318,57710,1908,53313,2851,55274,1679,49466,2471,45655,1807
Wyoming,57829,3122,61695,2050,56459,2047,69491,4109,57393,3264,60121,2948,58154,2429,57465,2401,58696,2384,59458,1758,56425,1578,55998,1789,54958,1853,57683,1456,55533,1305,53068,1303,53844,1581,55252,1472,53694,1852,51896,1937,49873,2150,47186,1308,49344,1778,53114,2962,48173,1909,50674,2382,49942,2376,52489,1766,55191,2410,51551,2137,55781,2948,49270,1805,46987,2232,52419,1609
"Source: U.S. Census Bureau, Current Population Survey, Annual Social and Economic Supplements.  For information on confidentiality protection, sampling error, nonsampling error, and definitions, see //www2.census.gov/programs-surveys/cps/techdocs/cpsmar17.pdf",,,,,,,,,,,,,,,,,,,,,,,,,,,,,,,,,,,,,,,,,,,,,,,,,,,,,,,,,,,,,,,,,,,,
